bucket,video_id,gt_string,gt_fret,gt_time,gt_midi,det_string,det_fret,det_time,det_midi
correct,training-01,2,5,5.908333333333333,64,2,5,5.261887528344671,64
correct,training-01,1,5,5.491666666666667,69,1,5,6.888568253968254,69
correct,training-01,1,5,8.825,69,1,5,10.165149659863946,69
correct,training-01,3,4,9.241666666666667,59,3,4,10.583108843537415,59
correct,training-01,3,4,12.575,59,3,4,11.767326530612246,59
correct,training-01,2,5,12.158333333333335,64,2,5,13.428837188208616,64
correct,training-01,4,5,15.908333333333335,55,4,5,15.10195782312925,55
correct,training-01,3,5,15.491666666666667,60,3,5,16.763468480725624,60
wrong_position_same_pitch,training-01,2,0,4.241666666666667,59,3,4,5.691456689342403,59
wrong_position_same_pitch,training-01,1,0,7.158333333333333,64,2,5,7.318137414965986,64
wrong_position_same_pitch,training-01,3,0,7.575,55,4,5,8.898378231292517,55
wrong_position_same_pitch,training-01,3,0,10.908333333333335,55,4,5,12.14012970521542,55
wrong_position_same_pitch,training-01,4,0,14.241666666666667,50,5,5,15.543136961451246,50
pitch_off,training-01,2,0,10.491666666666667,59,5,5,11.082337868480726,50
pitch_off,training-01,3,0,13.825,55,3,4,13.85840634920635,59
missed_onset,training-01,1,0,3.825,64,,,,
extra_detection,training-01,,,,,3,0,2.1142997732426303,55
extra_detection,training-01,,,,,5,7,2.1491297052154192,52
extra_detection,training-01,,,,,4,7,2.1955696145124715,57
extra_detection,training-01,,,,,2,5,8.526858956916099,64
extra_detection,training-01,,,,,4,5,17.20464761904762,55
extra_detection,training-01,,,,,6,4,18.192779591836732,44
extra_detection,training-01,,,,,3,3,18.204389569160995,58
correct,training-02,2,1,7.4625,60,2,1,8.10889977324263,60
correct,training-02,2,3,8.2125,62,2,3,8.840328344671201,62
correct,training-02,2,0,9.7125,59,2,0,10.339299319727893,59
correct,training-02,2,6,14.9625,65,2,6,14.86975827664399,65
correct,training-02,2,8,14.2125,67,2,8,15.601186848072562,67
correct,training-02,2,5,15.7125,64,2,5,17.06532789115646,64
wrong_position_same_pitch,training-02,1,0,4.0875,64,2,5,4.367919274376417,64
wrong_position_same_pitch,training-02,1,1,4.8375,65,2,6,5.099347845804989,65
wrong_position_same_pitch,training-02,1,3,5.5875,67,2,8,5.8539963718820855,67
wrong_position_same_pitch,training-02,1,1,6.3375,65,2,6,6.586708843537415,65
wrong_position_same_pitch,training-02,1,0,7.0875,64,2,5,7.352967346938776,64
wrong_position_same_pitch,training-02,2,1,8.9625,60,4,10,9.5949768707483,60
wrong_position_same_pitch,training-02,1,5,10.0875,69,2,10,11.082337868480726,69
wrong_position_same_pitch,training-02,1,6,12.3375,70,2,11,11.82537641723356,70
wrong_position_same_pitch,training-02,1,8,11.5875,72,2,13,12.55808888888889,72
wrong_position_same_pitch,training-02,1,5,13.0875,69,2,10,14.080279818594104,69
timing_only,training-02,2,6,13.4625,65,2,6,16.345509297052153,65
pitch_off,training-02,1,6,10.8375,70,1,8,9.606586848072562,72
extra_detection,training-02,,,,,2,11,13.370787301587303,70
correct,training-03,1,5,3.6818181818181817,69,1,5,3.890626303854875,69
correct,training-03,2,5,4.363636363636363,64,2,5,4.79748843537415,64
correct,training-03,3,5,5.045454545454545,60,3,5,5.749506575963719,60
correct,training-03,1,5,5.954545454545455,69,1,5,6.656368707482994,69
correct,training-03,1,10,8.0,74,1,10,8.49202902494331,74
correct,training-03,2,5,13.909090909090908,64,2,5,14.71882857142857,64
correct,training-03,3,5,15.045454545454545,60,3,5,15.577966893424035,60
correct,training-03,4,5,16.18181818181818,55,4,5,16.449999092970522,55
wrong_position_same_pitch,training-03,2,10,7.318181818181818,69,1,5,7.503897052154195,69
wrong_position_same_pitch,training-03,3,14,11.636363636363637,69,1,5,10.327689342403628,69
wrong_position_same_pitch,training-03,2,14,10.5,73,1,9,11.21004761904762,73
pitch_off,training-03,1,14,11.409090909090908,78,1,5,12.128519727891156,69
missed_onset,training-03,2,10,8.90909090909091,69,,,,
extra_detection,training-03,,,,,3,6,3.217247619047619,61
extra_detection,training-03,,,,,4,6,3.228857596371882,56
extra_detection,training-03,,,,,3,4,18.041849886621314,59
correct,training-04,4,5,5.375,55,4,5,3.984790022675737,55
correct,training-04,6,3,3.6875,43,6,3,4.008009977324263,43
correct,training-04,5,2,3.875,47,5,2,4.205379591836735,47
correct,training-04,4,2,4.0625,52,4,2,4.507239002267574,52
correct,training-04,5,3,4.4375,48,5,3,4.855538321995465,48
correct,training-04,6,3,5.1875,43,6,3,5.7030666666666665,43
correct,training-04,1,10,12.6875,74,1,10,12.813508390022676,74
correct,training-04,1,12,13.25,76,1,12,14.48662902494331,76
wrong_position_same_pitch,training-04,3,4,5.75,59,5,14,5.366377324263039,59
wrong_position_same_pitch,training-04,5,5,5.75,50,4,0,6.296459410430839,50
wrong_position_same_pitch,training-04,3,5,7.0625,60,5,15,7.8638063492063495,60
wrong_position_same_pitch,training-04,2,5,8.0,64,4,14,8.399149206349206,64
wrong_position_same_pitch,training-04,3,4,8.75,59,6,19,9.339557369614512,59
wrong_position_same_pitch,training-04,2,3,8.75,62,5,17,9.339557369614512,62
wrong_position_same_pitch,training-04,2,8,9.875,67,4,17,10.838528344671202,67
wrong_position_same_pitch,training-04,1,7,10.0625,71,4,21,11.407417233560091,71
wrong_position_same_pitch,training-04,1,8,10.8125,72,3,17,12.128519727891156,72
wrong_position_same_pitch,training-04,3,12,12.875,67,2,8,13.452057142857143,67
wrong_position_same_pitch,training-04,5,12,14.0,57,4,7,14.393749206349206,57
wrong_position_same_pitch,training-04,3,14,13.4375,69,1,5,14.405359183673468,69
wrong_position_same_pitch,training-04,4,14,14.5625,64,3,9,15.090347845804988,64
timing_only,training-04,1,10,11.375,74,1,10,13.55654693877551,74
pitch_off,training-04,4,4,4.625,54,1,0,4.518848979591836,64
pitch_off,training-04,3,2,5.0,57,6,12,5.099347845804989,52
pitch_off,training-04,4,12,12.875,62,3,0,11.419027210884355,55
pitch_off,training-04,5,14,14.5625,59,5,10,13.498497052154196,55
extra_detection,training-04,,,,,6,2,0.058049886621315196,42
extra_detection,training-04,,,,,5,1,0.058049886621315196,46
extra_detection,training-04,,,,,4,1,1.7298866213151927,51
extra_detection,training-04,,,,,3,2,1.7647165532879818,57
extra_detection,training-04,,,,,6,15,5.552136961451247,55
extra_detection,training-04,,,,,2,0,6.296459410430839,59
extra_detection,training-04,,,,,1,19,11.419027210884355,83
extra_detection,training-04,,,,,1,7,13.498497052154196,71
extra_detection,training-04,,,,,4,7,15.427037188208617,57
correct,training-05,4,2,2.9250000000000003,52,4,2,3.019878004535147,52
correct,training-05,6,0,2.5083333333333337,40,6,0,3.519107029478458,40
correct,training-05,3,2,3.5500000000000003,57,3,2,4.4143591836734695,57
correct,training-05,4,4,4.383333333333334,54,4,4,4.925198185941043,54
correct,training-05,6,2,3.966666666666667,42,6,2,4.925198185941043,42
correct,training-05,2,8,9.591666666666667,67,2,8,10.884968253968255,67
wrong_position_same_pitch,training-05,3,5,6.258333333333334,60,2,1,7.387797278911565,60
wrong_position_same_pitch,training-05,2,5,6.883333333333335,64,1,0,7.852196371882086,64
wrong_position_same_pitch,training-05,6,7,7.508333333333335,47,5,2,8.25982947845805,47
wrong_position_same_pitch,training-05,3,7,7.716666666666667,62,2,3,8.840328344671201,62
wrong_position_same_pitch,training-05,6,8,9.383333333333335,48,5,3,10.083879818594106,48
wrong_position_same_pitch,training-05,3,9,10.216666666666667,64,2,5,11.36097732426304,64
wrong_position_same_pitch,training-05,6,10,10.841666666666669,50,5,5,12.25622947845805,50
pitch_off,training-05,6,5,6.050000000000001,45,3,2,6.830518367346939,57
extra_detection,training-05,,,,,1,0,1.8808163265306121,64
extra_detection,training-05,,,,,2,0,3.0663179138321994,59
extra_detection,training-05,,,,,1,0,3.4726671201814057,64
extra_detection,training-05,,,,,3,0,9.979390022675737,55
extra_detection,training-05,,,,,2,1,10.083879818594106,60
extra_detection,training-05,,,,,2,3,12.25622947845805,62
correct,training-06,3,0,2.5875000000000004,55,3,0,1.1029478458049886,55
correct,training-06,3,0,4.0875,55,3,0,3.1359777777777778,55
correct,training-06,6,3,2.5875000000000004,43,6,3,3.18241768707483,43
correct,training-06,5,2,2.5875000000000004,47,5,2,3.7977464852607707,47
correct,training-06,4,0,2.5875000000000004,50,4,0,3.8557963718820862,50
correct,training-06,2,1,4.0875,60,2,1,5.389597278911564,60
correct,training-06,1,0,4.0875,64,1,0,5.4012072562358275,64
correct,training-06,4,2,4.0875,52,4,2,5.4012072562358275,52
correct,training-06,2,0,7.0875,59,2,0,8.41075918367347,59
correct,training-06,4,2,8.5875,52,4,2,8.41075918367347,52
correct,training-06,3,0,7.0875,55,3,0,8.433979138321995,55
correct,training-06,5,2,7.0875,47,5,2,8.49202902494331,47
correct,training-06,1,0,8.5875,64,1,0,8.503639002267573,64
correct,training-06,3,2,10.0875,57,3,2,11.36097732426304,57
correct,training-06,4,0,11.5875,50,4,0,11.384197278911566,50
correct,training-06,3,0,11.5875,55,3,0,12.70901859410431,55
correct,training-06,2,0,11.5875,59,2,0,12.871558276643992,59
correct,training-06,6,3,13.0875,43,6,3,14.544678911564626,43
wrong_position_same_pitch,training-06,3,2,5.5875,57,4,7,6.830518367346939,57
wrong_position_same_pitch,training-06,2,3,5.5875,62,3,7,6.842128344671202,62
wrong_position_same_pitch,training-06,4,0,5.5875,50,5,5,6.853738321995465,50
wrong_position_same_pitch,training-06,5,0,8.5875,45,6,5,9.862006349206348,45
wrong_position_same_pitch,training-06,2,1,8.5875,60,3,5,9.920056235827664,60
pitch_off,training-06,5,3,4.0875,48,3,0,3.6816467120181406,55
pitch_off,training-06,1,3,2.5875000000000004,67,2,3,3.8557963718820862,62
pitch_off,training-06,1,0,7.0875,64,6,5,6.946618140589569,45
pitch_off,training-06,1,2,10.0875,66,2,5,9.850396371882086,64
pitch_off,training-06,2,3,10.0875,62,5,7,9.850396371882086,52
pitch_off,training-06,1,3,11.5875,67,5,0,11.349367346938775,45
missed_onset,training-06,2,0,2.5875000000000004,59,,,,
missed_onset,training-06,1,2,5.5875,66,,,,
missed_onset,training-06,4,2,7.0875,52,,,,
missed_onset,training-06,6,0,7.0875,40,,,,
missed_onset,training-06,3,2,8.5875,57,,,,
missed_onset,training-06,4,0,10.0875,50,,,,
missed_onset,training-06,5,2,11.5875,47,,,,
correct,training-07,2,1,1.7083333333333333,60,2,1,3.0082680272108844,60
correct,training-07,4,3,3.375,53,4,3,3.0430979591836733,53
correct,training-07,5,3,1.7083333333333333,48,5,3,3.0430979591836733,48
correct,training-07,3,2,1.7083333333333333,57,3,2,3.1127578231292516,57
correct,training-07,1,1,3.375,65,1,1,3.1359777777777778,65
correct,training-07,3,3,3.375,58,3,3,4.623338775510204,58
correct,training-07,5,1,3.375,46,5,1,4.634948752834467,46
wrong_position_same_pitch,training-07,2,3,5.041666666666667,62,3,7,4.727828571428571,62
wrong_position_same_pitch,training-07,4,4,6.708333333333334,54,5,9,6.1571396825396825,54
wrong_position_same_pitch,training-07,3,4,5.041666666666667,59,4,9,6.180359637188209,59
wrong_position_same_pitch,training-07,5,2,5.041666666666667,47,6,7,6.180359637188209,47
wrong_position_same_pitch,training-07,1,2,6.708333333333334,66,2,7,6.238409523809524,66
wrong_position_same_pitch,training-07,2,2,6.708333333333334,61,4,11,7.619996825396825,61
wrong_position_same_pitch,training-07,5,4,6.708333333333334,49,6,9,7.619996825396825,49
pitch_off,training-07,1,1,1.7083333333333333,65,3,4,0.2089795918367347,59
pitch_off,training-07,3,2,6.708333333333334,57,3,11,7.794146485260771,66
missed_onset,training-07,4,3,1.7083333333333333,53,,,,
missed_onset,training-07,6,1,1.7083333333333333,41,,,,
missed_onset,training-07,2,3,3.375,62,,,,
missed_onset,training-07,1,2,5.041666666666667,66,,,,
missed_onset,training-07,4,4,5.041666666666667,54,,,,
missed_onset,training-07,6,2,5.041666666666667,42,,,,
missed_onset,training-07,6,2,6.708333333333334,42,,,,
correct,training-08,6,3,2.9000000000000004,43,6,3,4.228599546485261,43
wrong_position_same_pitch,training-08,4,2,2.6,52,5,7,3.1708077097505667,52
wrong_position_same_pitch,training-08,5,2,4.4,47,6,7,3.577156916099773,47
wrong_position_same_pitch,training-08,5,4,5.45,49,6,9,4.460799092970522,49
wrong_position_same_pitch,training-08,3,6,6.05,61,6,21,4.762658503401361,61
wrong_position_same_pitch,training-08,4,4,4.550000000000001,54,5,9,4.762658503401361,54
wrong_position_same_pitch,training-08,3,4,5.0,59,4,9,5.900436281179138,59
wrong_position_same_pitch,training-08,4,6,5.6,56,5,11,6.470609070294785,56
pitch_off,training-08,6,0,1.85,40,6,9,1.474467120181406,49
pitch_off,training-08,5,2,2.1500000000000004,47,6,20,1.486077097505669,60
pitch_off,training-08,4,4,3.6500000000000004,54,6,24,3.7164766439909296,64
pitch_off,training-08,5,4,3.2,49,5,10,4.158939682539683,55
extra_detection,training-08,,,,,3,11,4.925198185941043,66
extra_detection,training-08,,,,,5,9,5.377987301587301,54
extra_detection,training-08,,,,,6,7,5.633406802721089,47
extra_detection,training-08,,,,,5,9,5.912046258503401,54
extra_detection,training-08,,,,,4,11,6.458999092970521,61
extra_detection,training-08,,,,,6,9,6.517048979591837,49
correct,training-09,5,3,5.027272727272728,48,5,3,4.425969160997732,48
correct,training-09,3,2,7.300000000000001,57,3,2,7.051107936507937,57
correct,training-09,2,1,7.754545454545456,60,2,1,7.619996825396825,60
correct,training-09,4,0,8.663636363636364,50,4,0,7.631606802721088,50
correct,training-09,1,1,8.20909090909091,65,1,1,8.34109931972789,65
correct,training-09,3,0,9.118181818181819,55,3,0,10.246419501133788,55
correct,training-09,5,3,11.39090909090909,48,5,3,10.803698412698413,48
correct,training-09,2,0,9.572727272727274,59,2,0,11.012678004535148,59
correct,training-09,1,1,10.027272727272727,65,1,1,11.407417233560091,65
correct,training-09,1,0,11.845454545454546,64,1,0,13.161807709750567,64
wrong_position_same_pitch,training-09,3,4,10.936363636363637,59,2,0,12.267839455782314,59
pitch_off,training-09,2,5,5.936363636363637,64,3,0,5.9946,55
pitch_off,training-09,3,4,6.3909090909090915,59,2,2,6.342899319727891,61
pitch_off,training-09,5,3,9.572727272727274,48,4,0,9.757516553287982,50
missed_onset,training-09,1,0,5.481818181818182,64,,,,
missed_onset,training-09,4,2,6.845454545454546,52,,,,
missed_onset,training-09,5,5,7.754545454545456,50,,,,
missed_onset,training-09,4,3,10.481818181818182,53,,,,
missed_onset,training-09,2,5,11.39090909090909,64,,,,
extra_detection,training-09,,,,,6,1,0.034829931972789115,41
extra_detection,training-09,,,,,5,0,0.06965986394557823,45
extra_detection,training-09,,,,,4,2,13.115367800453514,52
extra_detection,training-09,,,,,2,0,13.62620680272109,59
extra_detection,training-09,,,,,5,3,14.091889795918368,48
correct,training-10,3,2,2.0785714285714287,57,3,2,2.2768394557823126,57
correct,training-10,2,1,2.0785714285714287,60,2,1,2.3000594104308387,60
correct,training-10,4,2,2.0785714285714287,52,4,2,2.323279365079365,52
correct,training-10,4,3,3.507142857142857,53,4,3,3.7745265306122446,53
correct,training-10,1,1,3.507142857142857,65,1,1,3.786136507936508,65
correct,training-10,5,3,3.507142857142857,48,5,3,3.820966439909297,48
correct,training-10,2,1,4.935714285714286,60,2,1,4.37952925170068,60
correct,training-10,3,0,4.935714285714286,55,3,0,4.9832480725623585,55
correct,training-10,1,0,4.935714285714286,64,1,0,5.273497505668934,64
correct,training-10,6,3,6.364285714285715,43,6,3,5.285107482993197,43
correct,training-10,4,2,4.935714285714286,52,4,2,6.342899319727891,52
correct,training-10,3,0,6.364285714285715,55,3,0,6.586708843537415,55
correct,training-10,2,3,7.792857142857144,62,2,3,6.621538775510205,62
correct,training-10,4,3,7.792857142857144,53,4,3,8.166949659863945,53
correct,training-10,5,0,9.221428571428572,45,5,0,9.40921723356009,45
correct,training-10,3,2,9.221428571428572,57,3,2,9.432437188208617,57
correct,training-10,2,1,9.221428571428572,60,2,1,9.467267120181406,60
wrong_position_same_pitch,training-10,4,0,6.364285714285715,50,5,5,6.64475873015873,50
wrong_position_same_pitch,training-10,2,0,6.364285714285715,59,3,4,7.666436734693877,59
wrong_position_same_pitch,training-10,5,1,7.792857142857144,46,6,6,8.039239909297052,46
wrong_position_same_pitch,training-10,3,3,7.792857142857144,58,4,8,8.062459863945579,58
timing_only,training-10,3,2,3.507142857142857,57,3,2,6.354509297052155,57
pitch_off,training-10,1,1,7.792857142857144,65,2,3,8.143729705215419,62
missed_onset,training-10,1,0,2.0785714285714287,64,,,,
missed_onset,training-10,5,0,2.0785714285714287,45,,,,
missed_onset,training-10,2,1,3.507142857142857,60,,,,
missed_onset,training-10,6,1,3.507142857142857,41,,,,
missed_onset,training-10,5,3,4.935714285714286,48,,,,
missed_onset,training-10,1,3,6.364285714285715,67,,,,
missed_onset,training-10,5,2,6.364285714285715,47,,,,
missed_onset,training-10,1,0,9.221428571428572,64,,,,
missed_onset,training-10,4,2,9.221428571428572,52,,,,
correct,training-11,5,5,2.7,50,5,5,3.6468167800453513,50
correct,training-11,4,5,2.8666666666666667,55,4,5,3.925456235827664,55
correct,training-11,5,7,3.2,52,5,7,4.286649433106576,52
correct,training-11,4,7,3.533333333333333,57,4,7,4.634948752834467,57
correct,training-11,3,5,3.7,60,3,5,4.971638095238095,60
correct,training-11,2,5,4.533333333333333,64,2,5,5.610186848072562,64
correct,training-11,1,5,5.366666666666667,69,1,5,6.238409523809524,69
correct,training-11,1,8,6.866666666666666,72,1,8,7.155597732426304,72
correct,training-11,1,5,7.533333333333333,69,1,5,8.166949659863945,69
correct,training-11,2,5,8.533333333333333,64,2,5,8.863548299319728,64
correct,training-11,3,5,9.366666666666667,60,3,5,10.199979591836735,60
correct,training-11,4,7,9.533333333333333,57,4,7,10.501839002267575,57
correct,training-11,4,5,10.2,55,4,5,10.94301814058957,55
correct,training-11,5,7,10.033333333333333,52,5,7,11.268097505668935,52
correct,training-11,5,5,10.533333333333331,50,5,5,11.604786848072564,50
correct,training-11,6,5,10.533333333333331,45,6,5,11.942760090702949,45
wrong_position_same_pitch,training-11,6,5,2.3666666666666667,45,5,0,3.321737414965986,45
wrong_position_same_pitch,training-11,3,7,4.366666666666667,62,2,3,5.238667573696145,62
wrong_position_same_pitch,training-11,2,8,5.2,67,1,3,5.94687619047619,67
wrong_position_same_pitch,training-11,2,8,7.866666666666666,67,1,3,8.526858956916099,67
wrong_position_same_pitch,training-11,3,7,8.7,62,2,3,9.815566439909297,62
pitch_off,training-11,1,8,6.033333333333333,72,5,5,6.342899319727891,50
extra_detection,training-11,,,,,3,2,3.321737414965986,57
extra_detection,training-11,,,,,4,5,12.244619501133787,55
extra_detection,training-11,,,,,5,0,12.63935873015873,45
extra_detection,training-11,,,,,3,2,12.650968707482994,57
extra_detection,training-11,,,,,4,0,12.650968707482994,50
correct,training-12,6,3,3.8000000000000003,43,6,3,3.18241768707483,43
correct,training-12,6,2,3.2375000000000003,42,6,2,4.5304589569161,42
correct,training-12,5,1,3.8000000000000003,46,5,1,5.250277551020408,46
correct,training-12,6,4,4.550000000000001,44,6,4,5.726286621315192,44
correct,training-12,3,1,7.175000000000001,56,3,1,5.726286621315192,56
correct,training-12,5,2,4.550000000000001,47,5,2,5.7378965986394554,47
correct,training-12,5,3,5.300000000000001,48,5,3,6.319679365079365,48
correct,training-12,4,1,5.487500000000001,51,4,1,6.331289342403628,51
correct,training-12,5,4,6.050000000000001,49,5,4,6.842128344671202,49
correct,training-12,4,2,6.237500000000001,52,4,2,6.923398185941044,52
correct,training-12,4,3,6.987500000000001,53,4,3,7.480677097505669,53
correct,training-12,4,4,7.737500000000001,54,4,4,8.016019954648526,54
correct,training-12,3,2,7.925000000000001,57,3,2,8.039239909297052,57
correct,training-12,3,3,8.675,58,3,3,8.608128798185941,58
correct,training-12,2,1,8.8625,60,2,1,8.677788662131519,60
correct,training-12,2,2,9.6125,61,2,2,9.211847619047619,61
correct,training-12,3,4,9.425,59,3,4,9.211847619047619,59
correct,training-12,2,3,10.3625,62,2,3,9.79234648526077,62
correct,training-12,2,4,11.1125,63,2,4,10.350909297052155,63
wrong_position_same_pitch,training-12,1,3,11.8625,67,2,8,10.931408163265306,67
wrong_position_same_pitch,training-12,1,4,12.6125,68,2,9,11.419027210884355,68
pitch_off,training-12,6,1,2.4875000000000003,41,4,1,1.8343764172335602,51
missed_onset,training-12,1,1,10.3625,65,,,,
missed_onset,training-12,1,2,11.1125,66,,,,
extra_detection,training-12,,,,,3,0,1.8459863945578232,55
extra_detection,training-12,,,,,6,0,1.8459863945578232,40
extra_detection,training-12,,,,,3,0,2.358109297052154,55
extra_detection,training-12,,,,,5,3,2.625138775510204,48
extra_detection,training-12,,,,,6,0,2.625138775510204,40
extra_detection,training-12,,,,,4,4,2.7760684807256233,54
extra_detection,training-12,,,,,5,5,3.1359777777777778,50
extra_detection,training-12,,,,,4,5,3.217247619047619,55
extra_detection,training-12,,,,,4,3,3.8557963718820862,53
extra_detection,training-12,,,,,3,5,3.9602861678004535,60
extra_detection,training-12,,,,,4,4,4.518848979591836,54
extra_detection,training-12,,,,,4,5,5.0645179138322,55
extra_detection,training-12,,,,,6,3,5.0645179138322,43
extra_detection,training-12,,,,,1,1,5.227057596371882,65
extra_detection,training-12,,,,,2,2,6.842128344671202,61
extra_detection,training-12,,,,,3,1,7.5271170068027216,56
correct,training-13,5,0,2.8083333333333336,45,5,0,2.659968707482993,45
correct,training-13,3,2,3.4333333333333336,57,3,2,2.671578684807256,57
correct,training-13,4,2,3.0166666666666666,52,4,2,2.9269981859410428,52
correct,training-13,2,1,3.85,60,2,1,3.3449573696145123,60
correct,training-13,1,0,4.266666666666667,64,1,0,3.9963999999999995,64
correct,training-13,5,3,4.683333333333334,48,5,3,5.807556462585034,48
correct,training-13,4,2,5.1,52,4,2,6.180359637188209,52
correct,training-13,3,0,5.5166666666666675,55,3,0,6.412559183673469,55
correct,training-13,2,1,5.933333333333334,60,2,1,6.598318820861678,60
correct,training-13,6,3,8.225,43,6,3,8.37592925170068,43
correct,training-13,2,0,9.058333333333334,59,2,0,9.211847619047619,59
correct,training-13,1,3,9.683333333333334,67,1,3,9.780736507936508,67
correct,training-13,1,0,12.183333333333334,64,1,0,11.070727891156464,64
correct,training-13,4,2,10.308333333333334,52,4,2,11.070727891156464,52
correct,training-13,5,2,9.891666666666667,47,5,2,11.384197278911566,47
correct,training-13,3,0,10.725,55,3,0,12.070469841269842,55
pitch_off,training-13,2,0,11.141666666666667,59,1,19,12.627748752834467,83
missed_onset,training-13,1,0,6.975,64,,,,
missed_onset,training-13,5,2,8.016666666666667,47,,,,
missed_onset,training-13,4,0,8.225,50,,,,
missed_onset,training-13,3,0,8.641666666666667,55,,,,
missed_onset,training-13,6,0,10.1,40,,,,
correct,training-14,4,7,2.9000000000000004,57,4,7,4.240209523809524,57
correct,training-14,4,9,3.2214285714285715,59,4,9,4.460799092970522,59
correct,training-14,4,10,3.5428571428571427,60,4,10,4.634948752834467,60
correct,training-14,3,7,3.435714285714286,62,3,7,4.925198185941043,62
correct,training-14,2,8,3.9714285714285715,67,2,8,5.4012072562358275,67
correct,training-14,2,10,4.185714285714286,69,2,10,5.610186848072562,69
correct,training-14,1,10,5.042857142857143,74,1,10,6.215189569160998,74
wrong_position_same_pitch,training-14,6,7,1.5071428571428573,47,5,2,2.834118367346939,47
wrong_position_same_pitch,training-14,6,8,1.8285714285714287,48,5,3,3.1475877551020406,48
wrong_position_same_pitch,training-14,6,10,2.0428571428571427,50,4,0,3.321737414965986,50
wrong_position_same_pitch,training-14,5,7,2.3642857142857143,52,4,2,3.588766893424036,52
wrong_position_same_pitch,training-14,5,8,2.685714285714286,53,4,3,3.7977464852607707,53
wrong_position_same_pitch,training-14,5,10,3.007142857142857,55,4,5,3.9602861678004535,55
wrong_position_same_pitch,training-14,3,9,3.757142857142857,64,2,5,5.1341777777777775,64
wrong_position_same_pitch,training-14,1,8,4.828571428571428,72,2,13,6.041039909297052,72
pitch_off,training-14,1,7,4.507142857142857,71,3,5,3.159197732426304,60
extra_detection,training-14,,,,,1,0,0.9404081632653061,64
extra_detection,training-14,,,,,4,4,1.253877551020408,54
extra_detection,training-14,,,,,2,5,1.2770975056689342,64
extra_detection,training-14,,,,,3,0,1.3003174603174603,55
extra_detection,training-14,,,,,3,4,2.91538820861678,59
extra_detection,training-14,,,,,4,7,4.925198185941043,57
extra_detection,training-14,,,,,5,10,6.342899319727891,55
correct,training-15,1,5,4.635714285714286,69,1,5,3.403007256235828,69
correct,training-15,5,3,4.635714285714286,48,5,3,3.4494471655328796,48
correct,training-15,6,0,5.3500000000000005,40,6,0,4.240209523809524,40
correct,training-15,3,4,5.3500000000000005,59,3,4,4.240209523809524,59
correct,training-15,2,3,6.064285714285715,62,2,3,4.9832480725623585,62
correct,training-15,1,5,6.778571428571429,69,1,5,5.668236734693878,69
correct,training-15,5,3,6.778571428571429,48,5,3,5.691456689342403,48
correct,training-15,1,7,8.028571428571428,71,1,7,7.782536507936508,71
correct,training-15,5,5,8.028571428571428,50,5,5,7.782536507936508,50
correct,training-15,6,2,8.742857142857144,42,6,2,8.538468934240363,42
correct,training-15,2,5,9.278571428571428,64,2,5,10.710818594104309,64
correct,training-15,5,5,10.17142857142857,50,5,5,11.453857142857144,50
wrong_position_same_pitch,training-15,3,6,8.742857142857144,61,5,16,8.526858956916099,61
wrong_position_same_pitch,training-15,1,7,10.17142857142857,71,2,12,11.453857142857144,71
extra_detection,training-15,,,,,2,1,3.4378371882086167,60
extra_detection,training-15,,,,,4,2,4.170549659863945,52
extra_detection,training-15,,,,,2,1,5.691456689342403,60
extra_detection,training-15,,,,,6,0,6.563488888888889,40
extra_detection,training-15,,,,,4,4,8.526858956916099,54
extra_detection,training-15,,,,,6,3,9.02608798185941,43
extra_detection,training-15,,,,,6,15,9.037697959183673,55
extra_detection,training-15,,,,,2,4,10.17675963718821,63
correct,training-16,1,2,0.6818181818181818,66,1,2,1.8343764172335602,66
correct,training-16,5,3,1.3636363636363635,48,5,3,2.578698866213152,48
correct,training-16,1,12,2.2727272727272725,76,1,12,3.3449573696145123,76
correct,training-16,1,9,6.136363636363636,73,1,9,6.308069387755102,73
correct,training-16,5,5,9.318181818181818,50,5,5,8.49202902494331,50
wrong_position_same_pitch,training-16,5,10,2.9545454545454546,55,4,5,4.077669841269841,55
wrong_position_same_pitch,training-16,1,1,4.545454545454545,65,2,6,4.925198185941043,65
wrong_position_same_pitch,training-16,5,2,5.2272727272727275,47,6,7,5.552136961451247,47
wrong_position_same_pitch,training-16,5,12,6.818181818181818,57,4,7,6.969838095238095,57
wrong_position_same_pitch,training-16,1,3,8.863636363636363,67,2,8,7.782536507936508,67
wrong_position_same_pitch,training-16,5,14,10.909090909090908,59,3,4,9.850396371882086,59
missed_onset,training-16,1,15,10.454545454545455,79,,,,
extra_detection,training-16,,,,,2,1,2.590308843537415,60
extra_detection,training-16,,,,,2,5,5.621796825396825,64
correct,training-17,1,12,5.508333333333334,76,1,12,4.495629024943311,76
correct,training-17,1,13,6.133333333333334,77,1,13,5.203837641723355,77
correct,training-17,1,15,6.758333333333335,79,1,15,6.006209977324263,79
correct,training-17,1,17,7.383333333333335,81,1,17,6.842128344671202,81
correct,training-17,1,15,8.216666666666669,79,1,15,7.736096598639456,79
correct,training-17,1,13,8.841666666666669,77,1,13,8.503639002267573,77
correct,training-17,1,12,9.466666666666669,76,1,12,9.44404716553288,76
correct,training-17,2,15,11.55,74,2,15,11.186827664399093,74
correct,training-17,1,15,11.55,79,1,15,12.105299773242631,79
correct,training-17,1,17,12.175,81,1,17,12.98765804988662,81
correct,training-17,1,15,12.8,79,1,15,13.811966439909297,79
correct,training-17,1,13,13.425,77,1,13,14.67238866213152,77
correct,training-17,1,12,14.05,76,1,12,15.531526984126984,76
wrong_position_same_pitch,training-17,2,13,10.925,72,1,8,10.350909297052155,72
wrong_position_same_pitch,training-17,2,15,16.34166666666667,74,1,10,16.391949206349206,74
wrong_position_same_pitch,training-17,2,13,16.96666666666667,72,1,8,17.239477551020407,72
wrong_position_same_pitch,training-17,2,12,17.59166666666667,71,1,7,18.134729705215417,71
wrong_position_same_pitch,training-17,3,14,18.425,69,1,5,18.18116961451247,69
extra_detection,training-17,,,,,6,3,19.78334648526077,43
correct,training-18,1,7,9.933333333333334,71,1,7,10.049049886621315,71
correct,training-18,5,7,9.933333333333334,52,5,7,10.06065986394558,52
correct,training-18,3,5,9.933333333333334,60,3,5,10.072269841269842,60
correct,training-18,3,7,11.600000000000001,62,3,7,10.908188208616782,62
correct,training-18,5,8,11.600000000000001,53,5,8,10.919798185941044,53
correct,training-18,3,7,13.266666666666666,62,3,7,12.63935873015873,62
correct,training-18,5,8,12.600000000000001,53,5,8,12.63935873015873,53
correct,training-18,1,8,12.600000000000001,72,1,8,12.63935873015873,72
correct,training-18,5,7,13.100000000000001,52,5,7,13.579766893424036,52
wrong_position_same_pitch,training-18,5,7,8.266666666666667,52,4,2,7.492287074829932,52
wrong_position_same_pitch,training-18,3,5,8.266666666666667,60,4,10,7.5619469387755105,60
wrong_position_same_pitch,training-18,5,5,7.7666666666666675,50,6,10,8.37592925170068,50
wrong_position_same_pitch,training-18,3,4,7.7666666666666675,59,4,9,8.37592925170068,59
wrong_position_same_pitch,training-18,1,5,7.7666666666666675,69,2,10,8.37592925170068,69
wrong_position_same_pitch,training-18,1,8,11.600000000000001,72,3,17,10.908188208616782,72
wrong_position_same_pitch,training-18,3,9,12.100000000000001,64,4,14,11.802156462585035,64
wrong_position_same_pitch,training-18,5,10,12.100000000000001,55,6,15,11.802156462585035,55
wrong_position_same_pitch,training-18,1,10,12.100000000000001,74,2,15,11.802156462585035,74
wrong_position_same_pitch,training-18,3,9,12.766666666666666,64,2,5,13.579766893424036,64
wrong_position_same_pitch,training-18,3,5,13.766666666666666,60,2,1,14.498239002267573,60
timing_only,training-18,1,8,8.766666666666667,72,1,8,6.656368707482994,72
pitch_off,training-18,1,7,13.100000000000001,71,2,3,13.5913768707483,62
missed_onset,training-18,1,7,8.266666666666667,71,,,,
missed_onset,training-18,3,7,8.766666666666667,62,,,,
missed_onset,training-18,5,8,8.766666666666667,53,,,,
missed_onset,training-18,1,8,9.433333333333334,72,,,,
missed_onset,training-18,3,7,9.433333333333334,62,,,,
missed_onset,training-18,5,8,9.433333333333334,53,,,,
missed_onset,training-18,1,5,10.433333333333334,69,,,,
missed_onset,training-18,3,4,10.433333333333334,59,,,,
missed_onset,training-18,5,5,10.433333333333334,50,,,,
missed_onset,training-18,1,7,11.100000000000001,71,,,,
missed_onset,training-18,3,5,11.100000000000001,60,,,,
missed_onset,training-18,5,7,11.100000000000001,52,,,,
extra_detection,training-18,,,,,2,0,3.240467573696145,59
extra_detection,training-18,,,,,4,0,3.252077551020408,50
extra_detection,training-18,,,,,4,2,4.158939682539683,52
extra_detection,training-18,,,,,2,1,4.170549659863945,60
extra_detection,training-18,,,,,4,3,5.110957823129252,53
extra_detection,training-18,,,,,2,3,5.110957823129252,62
extra_detection,training-18,,,,,1,1,5.110957823129252,65
correct,training-19,3,2,2.1785714285714284,57,3,2,2.6019188208616777,57
correct,training-19,5,0,2.1785714285714284,45,5,0,2.636748752834467,45
correct,training-19,1,0,2.1785714285714284,64,1,0,2.7064086167800454,64
correct,training-19,2,1,2.1785714285714284,60,2,1,2.7412385487528343,60
correct,training-19,1,0,5.571428571428571,64,1,0,5.354767346938775,64
correct,training-19,1,1,4.678571428571429,65,1,1,5.610186848072562,65
correct,training-19,1,3,5.035714285714286,67,1,3,5.8539963718820855,67
correct,training-19,3,0,5.392857142857142,55,3,0,5.8539963718820855,55
correct,training-19,5,3,5.392857142857142,48,5,3,6.226799546485261,48
correct,training-19,2,1,5.392857142857142,60,2,1,6.250019501133787,60
correct,training-19,1,3,8.964285714285715,67,1,3,8.735838548752834,67
correct,training-19,1,0,8.428571428571429,64,1,0,9.200237641723355,64
correct,training-19,4,0,8.785714285714285,50,4,0,9.67624671201814,50
correct,training-19,2,0,8.785714285714285,59,2,0,9.687856689342404,59
correct,training-19,6,3,8.785714285714285,43,6,3,10.002609977324264,43
correct,training-19,1,0,12.357142857142858,64,1,0,12.116909750566894,64
correct,training-19,1,2,11.464285714285715,66,1,2,12.349109297052154,66
correct,training-19,1,3,11.821428571428571,67,1,3,12.55808888888889,67
correct,training-19,4,2,12.178571428571429,52,4,2,12.94121814058957,52
correct,training-19,5,0,12.178571428571429,45,5,0,13.010878004535147,45
correct,training-19,2,1,12.178571428571429,60,2,1,13.045707936507936,60
correct,training-19,3,2,12.178571428571429,57,3,2,13.614596825396825,57
timing_only,training-19,1,0,4.321428571428571,64,1,0,6.331289342403628,64
missed_onset,training-19,4,2,2.1785714285714284,52,,,,
missed_onset,training-19,4,2,5.392857142857142,52,,,,
missed_onset,training-19,1,3,7.714285714285714,67,,,,
missed_onset,training-19,1,1,8.071428571428571,65,,,,
missed_onset,training-19,3,0,8.785714285714285,55,,,,
missed_onset,training-19,5,2,8.785714285714285,47,,,,
missed_onset,training-19,1,0,11.107142857142858,64,,,,
muted_undetectable,training-20,1,X,2.875,,,,,
muted_undetectable,training-20,2,X,2.875,,,,,
muted_undetectable,training-20,3,X,2.875,,,,,
muted_undetectable,training-20,4,X,2.875,,,,,
muted_undetectable,training-20,5,X,2.875,,,,,
muted_undetectable,training-20,6,X,2.875,,,,,
muted_undetectable,training-20,1,X,5.583333333333334,,,,,
muted_undetectable,training-20,2,X,5.583333333333334,,,,,
muted_undetectable,training-20,3,X,5.583333333333334,,,,,
muted_undetectable,training-20,4,X,5.583333333333334,,,,,
muted_undetectable,training-20,5,X,5.583333333333334,,,,,
muted_undetectable,training-20,6,X,5.583333333333334,,,,,
muted_undetectable,training-20,1,X,8.291666666666668,,,,,
muted_undetectable,training-20,2,X,8.291666666666668,,,,,
muted_undetectable,training-20,3,X,8.291666666666668,,,,,
muted_undetectable,training-20,4,X,8.291666666666668,,,,,
muted_undetectable,training-20,5,X,8.291666666666668,,,,,
muted_undetectable,training-20,6,X,8.291666666666668,,,,,
correct,training-20,5,0,1.2083333333333333,45,5,0,1.822766439909297,45
correct,training-20,4,0,1.2083333333333333,50,4,0,1.8808163265306121,50
correct,training-20,2,0,1.2083333333333333,59,2,0,1.8924263038548752,59
correct,training-20,3,0,1.2083333333333333,55,3,0,1.9040362811791383,55
correct,training-20,2,3,2.041666666666667,62,2,3,2.857338321995465,62
correct,training-20,4,0,3.916666666666667,50,4,0,4.507239002267574,50
correct,training-20,3,0,3.916666666666667,55,3,0,4.542068934240363,55
correct,training-20,1,0,3.916666666666667,64,1,0,4.588508843537415,64
correct,training-20,5,0,3.916666666666667,45,5,0,4.669778684807256,45
correct,training-20,4,0,6.625,50,4,0,7.062717913832199,50
correct,training-20,3,0,6.625,55,3,0,7.097547845804989,55
correct,training-20,2,0,6.625,59,2,0,7.109157823129252,59
correct,training-20,2,8,7.458333333333334,67,2,8,8.085679818594103,67
correct,training-20,4,9,7.458333333333334,59,4,9,8.085679818594103,59
wrong_position_same_pitch,training-20,5,7,4.75,52,4,2,5.377987301587301,52
wrong_position_same_pitch,training-20,4,7,4.75,57,3,2,5.494087074829932,57
wrong_position_same_pitch,training-20,3,5,4.75,60,2,1,5.494087074829932,60
wrong_position_same_pitch,training-20,1,0,6.625,64,3,9,8.050849886621315,64
pitch_off,training-20,1,7,7.458333333333334,71,5,7,7.946360090702948,52
missed_onset,training-20,1,0,1.2083333333333333,64,,,,
missed_onset,training-20,6,0,1.2083333333333333,40,,,,
missed_onset,training-20,1,3,2.041666666666667,67,,,,
missed_onset,training-20,3,4,2.041666666666667,59,,,,
missed_onset,training-20,4,5,2.041666666666667,55,,,,
missed_onset,training-20,5,5,2.041666666666667,50,,,,
missed_onset,training-20,6,3,2.041666666666667,43,,,,
missed_onset,training-20,2,0,3.916666666666667,59,,,,
missed_onset,training-20,6,0,3.916666666666667,40,,,,
missed_onset,training-20,1,5,4.75,69,,,,
missed_onset,training-20,2,5,4.75,64,,,,
missed_onset,training-20,6,5,4.75,45,,,,
missed_onset,training-20,5,0,6.625,45,,,,
missed_onset,training-20,6,0,6.625,40,,,,
missed_onset,training-20,3,7,7.458333333333334,62,,,,
missed_onset,training-20,5,9,7.458333333333334,54,,,,
missed_onset,training-20,6,7,7.458333333333334,47,,,,
